class,cases_manual,cases_barzooka,true_positives,true_negatives,false_positives,false_negatives,sensitivity,specificity,precision,recall,F1,accuracy
Blot_pred,197,189,186,786,3,11,0.9441624365482234,0.9961977186311787,0.9841269841269841,0.9441624365482234,0.9637305699481865,0.9858012170385395
EM_pred,24,26,20,956,6,4,0.8333333333333334,0.9937629937629938,0.7692307692307693,0.8333333333333334,0.8,0.9898580121703854
Medical_pred,5,3,1,979,2,4,0.2,0.9979612640163099,0.3333333333333333,0.2,0.25,0.9939148073022313
MicroPhoto_pred,235,240,220,731,20,15,0.9361702127659575,0.9733688415446072,0.9166666666666666,0.9361702127659575,0.9263157894736843,0.9645030425963489
Other_pred,485,492,476,485,16,9,0.9814432989690721,0.9680638722554891,0.967479674796748,0.9814432989690721,0.9744114636642784,0.9746450304259635
Photo_pred,88,71,66,893,5,22,0.75,0.9944320712694877,0.9295774647887324,0.75,0.830188679245283,0.9726166328600405
Text_pred,60,60,59,925,1,1,0.9833333333333333,0.9989200863930886,0.9833333333333333,0.9833333333333333,0.9833333333333333,0.9979716024340771
